0xc6400a5584db71e41b0e5dfbdc769b54b91256cd,1,{"palettes":"UltraMaxis"}
0xfd22004806a6846ea67ad883356be810f0428793,1,{"palettes":"UltraMaxis"}
0x43b0bd27d5016e969193412933387b0dd4cf3e0a,1,{"palettes":"UltraMaxis"}
0x7ba3e8f17582462676c44dd143388ed4b6b20655,1,{"palettes":"UltraMaxis"}
0xc02e6b0d0c1a5d8cd26beeba0fe8d76c5d2f19b9,1,{"palettes":"UltraMaxis"}
0x69cb3b1de24e08f1cfc2994171b6c6930498f750,1,{"palettes":"UltraMaxis"}
0x13928eb9a86c8278a45b6ff2935c7730b58ac675,1,{"palettes":"UltraMaxis"}
0xbe8fe12b9eb1ca2a593e6c070c71c294b6fe9f00,1,{"palettes":"UltraMaxis"}
0x0220e0b5a23bf2419e643de74649a01bf77960ee,1,{"palettes":"UltraMaxis"}
0x6f566a6672f615c2975f6c48224c46153e12ffcf,1,{"palettes":"UltraMaxis"}
0x3df7131fbd4f6b27be8317c69e41817498e1bc0c,1,{"palettes":"UltraMaxis"}
0x48464efe55fbcae8ae0c992b306afcf21d4910cf,1,{"palettes":"UltraMaxis"}
0xa743c8c57c425b84cb2ed18c6b9ae3ad21629cb5,1,{"palettes":"UltraMaxis"}
0x8ba68cfe71550efc8988d81d040473709b7f9218,1,{"palettes":"UltraMaxis"}
0x248458947c120ca057ec028b3fe7e4b3f26fdb3d,1,{"palettes":"UltraMaxis"}
0xa7cafd18dd8bc1e23203058d66f89f0f0ee539d9,1,{"palettes":"UltraMaxis"}
0xb033daedca113b0386eb3e8f4c72c79fc50ae32e,1,{"palettes":"UltraMaxis"}
0xc6400a5584db71e41b0e5dfbdc769b54b91256cd,1,{"palettes":"HyperMaxis"}
0x43b0bd27d5016e969193412933387b0dd4cf3e0a,1,{"palettes":"HyperMaxis"}
0x02b294ed96e1175b8c71071a303e8a7d2396b017,1,{"palettes":"HyperMaxis"}
0x06e13bd0a3cba08e61028f2326b9ea2ca2539900,1,{"palettes":"HyperMaxis"}
0x13eee41d67b8d99e11174161d72cf8ccd194458c,1,{"palettes":"HyperMaxis"}
0x1b7844cfae4c823ac6389855d47106a70c84f067,1,{"palettes":"HyperMaxis"}
0x220da3fc3b905c968dfb20c81c170bc4dce56603,1,{"palettes":"HyperMaxis"}
0x2c9646bf2477a747897047b69ca1a1913ae5f611,1,{"palettes":"HyperMaxis"}
0xd1f6e5592361257aef68b96df42aef064080c5cc,1,{"palettes":"HyperMaxis"}
0x37dee36d898edfac1026bec80493d3865a0707e5,1,{"palettes":"HyperMaxis"}
0x3852471d266d9e2222ca9fdd922bafc904dc49e5,1,{"palettes":"HyperMaxis"}
0x5f656037e30a003862cf878db24ab5f537177fd9,1,{"palettes":"HyperMaxis"}
0x98004498c85c4b1997b3f669475a038bbcec2160,1,{"palettes":"HyperMaxis"}
0x47d539d4dd9b6f21ccabc5c96bbbf7071290938e,1,{"palettes":"HyperMaxis"}
0x7ca00a09e3b431d48c30e3e6cceaaeaf6385cc81,1,{"palettes":"HyperMaxis"}
0xb775df51776d6767f8c2f5a14b667e300f60447f,1,{"palettes":"HyperMaxis"}
0xb31a4974499daad3255206daee7d1f3595fa259e,1,{"palettes":"HyperMaxis"}
0x54913cc8ea17731d62589039dd0152f306473843,1,{"palettes":"HyperMaxis"}
0x61d9d9cc8c3203dab7100ea79ced77587201c990,1,{"palettes":"HyperMaxis"}
0x730a94e8935bf2c1c2e9ffc010cff0d4881d35df,1,{"palettes":"HyperMaxis"}
0x80a1c9fdc26199a69d190ebc8ad287ef48758977,1,{"palettes":"HyperMaxis"}
0x76d078d7e5755b66ff50166863329d27f2566b43,1,{"palettes":"HyperMaxis"}
0x86ae37857534a842ac56a4eaeaaf83d02f46d1f8,1,{"palettes":"HyperMaxis"}
0xa978eadb605761725d11d3b3a4045cf5859e2d3c,1,{"palettes":"HyperMaxis"}
0xc45920062985116eaac6589058ed337066d6f2e6,1,{"palettes":"HyperMaxis"}
0x82139687faae8a29851902783e02e699de0e0846,1,{"palettes":"HyperMaxis"}
0x885846850aabf20d8f8e051f400354d94a32ff55,1,{"palettes":"HyperMaxis"}
0xf8be957f65e67fb0342992a51c30290d5758f880,1,{"palettes":"HyperMaxis"}
0xeadd2d51e75a8b42302adc2aff0157a4bf626adb,1,{"palettes":"HyperMaxis"}
0x8b4d0402f7b2f063f255214b7095b5911a257a30,1,{"palettes":"HyperMaxis"}
0x94d25c0f01977452caf63d0ea939702cb1608ee1,1,{"palettes":"HyperMaxis"}
0x9769334fc882775f4951865aa473481880669d47,1,{"palettes":"HyperMaxis"}
0x9f6ae0370d74f0e591c64cec4a8ae0d627817014,1,{"palettes":"HyperMaxis"}
0xa62da2ea9f5bb03a58174060535ae32131973178,1,{"palettes":"HyperMaxis"}
0xac772daaa5079e005eec3e53314d6d1e9149dc87,1,{"palettes":"HyperMaxis"}
0xb42ab92f5af0f162fffefa2b1e12702ce3fc9e17,1,{"palettes":"HyperMaxis"}
0xbdf82b13580b918ebc3c24b4034e8468ea168e21,1,{"palettes":"HyperMaxis"}
0xc7bb15c11595c877302ddfb330a4082d92f5bcd7,1,{"palettes":"HyperMaxis"}
0xd3364ea1c742cc2d396ac65e1723b8d608a939bb,1,{"palettes":"HyperMaxis"}
0xdde27b3ba448e15357183060ae006bb54ebb3d86,1,{"palettes":"HyperMaxis"}
0xe16df6503acd3c79b6e032f62c61752bec16eef2,1,{"palettes":"HyperMaxis"}
0xf1f476f144df01480297dca47efca565e8b0c9f1,1,{"palettes":"HyperMaxis"}
0xf84408070b4de16d6bb0ab2fd8b19d37e3fd1422,1,{"palettes":"HyperMaxis"}
0xfe3b3f0d64f354b69a5b40d02f714e69ca4b09bd,1,{"palettes":"HyperMaxis"}
0xcaa1c396e70384db58dd33be74b26fb119e98c3a,1,{"palettes":"HyperMaxis"}
0xa711818b11bdd5797042ade80e3a59687558a4e1,1,{"palettes":"HyperMaxis"}
0x84aeccde4c9f217e83d3fa28c31d34378b903f91,1,{"palettes":"HyperMaxis"}
0xea39c551834d07ee2ee87f1ceff843c308e089af,1,{"palettes":"HyperMaxis"}
0x5df5342342701b8ae5bce28f74ebb73b5fc13a54,1,{"palettes":"HyperMaxis"}
0xde112b77a1a72c726d8c914c23dceaa53273c351,1,{"palettes":"HyperMaxis"}
0xf87787774e9f0a79fe521c09e686ca3ab4f5e85f,1,{"palettes":"HyperMaxis"}
0x933522fbb4c067652730bbc8e25d7820f4d72a60,1,{"palettes":"HyperMaxis"}
0xcaf3365d474690a1ac6643d3d6ef44cb0c6deec4,1,{"palettes":"HyperMaxis"}
0x7729cfd6841ec449c20fa7d3970d2e0d035c856c,1,{"palettes":"HyperMaxis"}
0xc6400a5584db71e41b0e5dfbdc769b54b91256cd,1,{"palettes":"Sgt. Pepe"}
0xa7cafd18dd8bc1e23203058d66f89f0f0ee539d9,1,{"palettes":"Sgt. Pepe"}
0x43b0bd27d5016e969193412933387b0dd4cf3e0a,1,{"palettes":"Sgt. Pepe"}
0x7c8f072015d4e29c24088fe55e62381406bd71ec,1,{"palettes":"Sgt. Pepe"}
0x6f566a6672f615c2975f6c48224c46153e12ffcf,1,{"palettes":"Sgt. Pepe"}
0x9f6ae0370d74f0e591c64cec4a8ae0d627817014,1,{"palettes":"Sgt. Pepe"}
0xa44b68fc590a2fd1cf48f2689a8aa2c8b62d2261,1,{"palettes":"Sgt. Pepe"}
0x62ba9de7d81b96d697fc2f26b5eb647f184f9b2e,1,{"palettes":"Sgt. Pepe"}
0x3df7131fbd4f6b27be8317c69e41817498e1bc0c,1,{"palettes":"Sgt. Pepe"}
0x7ba3e8f17582462676c44dd143388ed4b6b20655,1,{"palettes":"Sgt. Pepe"}
0x37dee36d898edfac1026bec80493d3865a0707e5,1,{"palettes":"Sgt. Pepe"}
0x5df5342342701b8ae5bce28f74ebb73b5fc13a54,1,{"palettes":"Sgt. Pepe"}
0xc02e6b0d0c1a5d8cd26beeba0fe8d76c5d2f19b9,1,{"palettes":"Sgt. Pepe"}
0x48464efe55fbcae8ae0c992b306afcf21d4910cf,1,{"palettes":"Sgt. Pepe"}
0xfd22004806a6846ea67ad883356be810f0428793,1,{"palettes":"Sgt. Pepe"}
0xa62da2ea9f5bb03a58174060535ae32131973178,1,{"palettes":"Sgt. Pepe"}
0x84aeccde4c9f217e83d3fa28c31d34378b903f91,1,{"palettes":"Sgt. Pepe"}
0x1003b47b2980ae3cf433165f81296ef747e4f484,1,{"palettes":"Sgt. Pepe"}
0x00403d8538f8275279fcedcac967f972a72cfc1e,1,{"palettes":"Sgt. Pepe"}
0x03f4cb9e297ea659f30e09341ee7155a7d136398,1,{"palettes":"Sgt. Pepe"}
0xdd624ca68246fe7c638e1ddb53db83ef28412efd,1,{"palettes":"Sgt. Pepe"}
0xca339bd4739227f71b646f8b23ca098c86f6c3a5,1,{"palettes":"Sgt. Pepe"}
0x19f1a4a606a4741df1a8b6a45c33a29f43c4553a,1,{"palettes":"Sgt. Pepe"}
0x420ecd4ec65c0fea87d8dc5d16c2476c42466b65,1,{"palettes":"Sgt. Pepe"}
0x1b6265a40839a331ace2d81bc82b6104703c0426,1,{"palettes":"Sgt. Pepe"}
0x98004498c85c4b1997b3f669475a038bbcec2160,1,{"palettes":"Sgt. Pepe"}
0x536a8132f9a537b29e31522ad91aca66e69fe6df,1,{"palettes":"Sgt. Pepe"}
0xe96ba1a10f72b58934b9ac0e3fb471d2ba65b757,1,{"palettes":"Sgt. Pepe"}
0x63523769e90fc0a66932a5fdc7c21d921f188812,1,{"palettes":"Sgt. Pepe"}
0x0c4a911ed6af1032beec7c19225c91a3160e39e3,1,{"palettes":"Sgt. Pepe"}
0x78e37b881d078d4b2f90de0422dadfd4da50ed4f,1,{"palettes":"Sgt. Pepe"}
0x108c0c18df932d6d4e4cb743c95486e383ad2b65,1,{"palettes":"Sgt. Pepe"}
0xb56ae8a727cf38f1f4716aeda6749d2af340d8f4,1,{"palettes":"Sgt. Pepe"}
0xdac18508a8d7247d900912fc34f7dbeb7727916b,1,{"palettes":"Sgt. Pepe"}
0x6ce52498047b8279ccc7c25b41c95cd482525e54,1,{"palettes":"Sgt. Pepe"}
0xa71000e72d38e6a84d7190f59fd3dfc73931c0e8,1,{"palettes":"Sgt. Pepe"}
0xd1dd467f1630be10d67205d6c816429f8ee49124,1,{"palettes":"Sgt. Pepe"}
0xe3b41ae8785e4107cc69f988042ff4a66a367fac,1,{"palettes":"Sgt. Pepe"}
0x744ae2b6ac075cc06c3dd2348bf4c8a7db409b5d,1,{"palettes":"Sgt. Pepe"}
0x8ba68cfe71550efc8988d81d040473709b7f9218,1,{"palettes":"Sgt. Pepe"}
0xd193a7d7b231c204b76b9d638768ea602de515f6,1,{"palettes":"Sgt. Pepe"}
0xb31a4974499daad3255206daee7d1f3595fa259e,1,{"palettes":"Sgt. Pepe"}
0x8a063961e57a68a8a1f68930d758e1bde05fc6b3,1,{"palettes":"MemeMaxis"}
0x9ad53944b52e271f1114028b918202cfaaec0a3d,1,{"palettes":"MemeMaxis"}
0xd2f2a56affb67a9ae2499ab9df1689ee78fad89a,1,{"palettes":"MemeMaxis"}
0xc1b0307ff325527511310c7d6fd3248188742f86,1,{"palettes":"MemeMaxis"}
0x9e5198418081fe00026ca0ddedbfd3915ab98298,1,{"palettes":"MemeMaxis"}
0x957143815f0e1d1b1a31b2bfcded5b416ee675ed,1,{"palettes":"MemeMaxis"}
0x54669ca58bf3a59caea8ae5135db491e4738f65a,1,{"palettes":"MemeMaxis"}
0xc40d07925d1ac5500e9dfc4e0a05eb24a75d195e,1,{"palettes":"MemeMaxis"}
0xa5214719feb1d07b66292a5d4d0a2712bd048435,1,{"palettes":"MemeMaxis"}
0x4a0e071be98b9514aad70f5d2595a8ab23a7f053,1,{"palettes":"MemeMaxis"}
0xa7c342af335ea7e0747452ae2e3c1901498a9a76,1,{"palettes":"MemeMaxis"}
0x9e640badecb7c628c6188b74488823e879f42a1a,1,{"palettes":"MemeMaxis"}
0x04294157cfba9ff0892f48f8345ea3539995f449,1,{"palettes":"MemeMaxis"}
0x9e32560cbc32e1ea4c737d65f043a0d8f8310422,1,{"palettes":"MemeMaxis"}
0x3e7d1b6527b3b3555aaf149935f2d029abf843d7,1,{"palettes":"MemeMaxis"}
0x21f023839e7b6fee67d33e4548791fa388564a02,1,{"palettes":"MemeMaxis"}
0xdd5cecf2835d465d490f79ad9773a848805a3219,1,{"palettes":"MemeMaxis"}
0xee91d62eb5aaea933efbfd0790613af5db305006,1,{"palettes":"MemeMaxis"}
0x4f492b2a3ed9bf0c65d508dab4f7c5f5c04ca6c3,1,{"palettes":"MemeMaxis"}
0x3fa5a25f48ba1b736761706801be4f639ca4853e,1,{"palettes":"MemeMaxis"}
0xdf3d58d2cc8a4f9e9e3003f87571094ed7671589,1,{"palettes":"MemeMaxis"}
0x388160a99390392278afdba240046b8b5e73f77b,1,{"palettes":"MemeMaxis"}
0xf1a17ba0d48798a3cc2bab1fb3cac942c4d6817b,1,{"palettes":"MemeMaxis"}
0x0c481cd7d09bdd222351d52622d272367cb3d159,1,{"palettes":"MemeMaxis"}
0xd3069c9e486a8b77add55ae3ceb3a4b138fb76c7,1,{"palettes":"MemeMaxis"}
0xc04208f289d3842ac168f2c373b3164e1d872650,1,{"palettes":"MemeMaxis"}
0x9e1f7b007511036b5cbe5df6d39550bdd2e8bc99,1,{"palettes":"MemeMaxis"}
0xd7e32b8a326ffd9e784a1ee1eea37684a7512171,1,{"palettes":"MemeMaxis"}
0x19e3775d47d63e1802577aec70189e7e3d6ac17b,1,{"palettes":"MemeMaxis"}
0x9e23d2db65a1b8b6f31fb57c47148907545b3ff5,1,{"palettes":"MemeMaxis"}
0xf4141aef39803327497f6b81a21bb3f2acfa2436,1,{"palettes":"MemeMaxis"}
0x5f0f6f695febf386aa93126237b48c424961797b,1,{"palettes":"MemeMaxis"}
0x01f4ab9ccf822e74cd514b1fc16068e749d37b1c,2,{"palettes":"MemeMaxis"}
0x0220e0b5a23bf2419e643de74649a01bf77960ee,5,{"palettes":"MemeMaxis"}
0x02b294ed96e1175b8c71071a303e8a7d2396b017,2,{"palettes":"MemeMaxis"}
0x04df8d02f912d34fef12a1b0488ee56fd6f7416c,1,{"palettes":"MemeMaxis"}
0xda512cd98dd54056003f11ac3adaecef9850f8e3,2,{"palettes":"MemeMaxis"}
0x06e13bd0a3cba08e61028f2326b9ea2ca2539900,3,{"palettes":"MemeMaxis"}
0x7be4e75da8a3be0430a139f7e344114057707bbb,1,{"palettes":"MemeMaxis"}
0x3bc161e3a5604165f3165ed8aaaf0d490e559324,1,{"palettes":"MemeMaxis"}
0x0843e80240f9304f3fe7059f25f3e1a66886a0eb,1,{"palettes":"MemeMaxis"}
0xbec69dfce4c1fa8b7843fee1ca85788d84a86b06,2,{"palettes":"MemeMaxis"}
0xe22059d454c705f70ffe2a5706844a3a27a2bec8,1,{"palettes":"MemeMaxis"}
0x0a98f97e89743406a8611e1b4219a073b60ffed3,1,{"palettes":"MemeMaxis"}
0xeac5f9b3cd48123a69fe69ce93a7f58100a56552,1,{"palettes":"MemeMaxis"}
0x0d6b4f304b91a3b67b1db34776ef7e95effbc729,1,{"palettes":"MemeMaxis"}
0x0dd38657d7c8024e7d62bde3d0423ca34769be50,1,{"palettes":"MemeMaxis"}
0xac84eb7001bd4983d58421b072379717ac1fee4f,1,{"palettes":"MemeMaxis"}
0x11a22b262e505d355f975e1e48a365b5d4811ae0,1,{"palettes":"MemeMaxis"}
0x128ad42b82c752c5b4c7f679231d8956c98038eb,2,{"palettes":"MemeMaxis"}
0x12cd871105b29760a61f56753d54a59381f5bcc6,1,{"palettes":"MemeMaxis"}
0x13928eb9a86c8278a45b6ff2935c7730b58ac675,5,{"palettes":"MemeMaxis"}
0x13eee41d67b8d99e11174161d72cf8ccd194458c,3,{"palettes":"MemeMaxis"}
0x144c704bf25f1865e4b24fd6596ffed7d92470b0,3,{"palettes":"MemeMaxis"}
0xb79ca1348ae5726adbcae2bfaebd24b078743a59,1,{"palettes":"MemeMaxis"}
0x16f3d833bb91aebb5066884501242d8b3c3b5e61,1,{"palettes":"MemeMaxis"}
0x17e31bf839acb700e0f584797574a2c1fde46d0b,1,{"palettes":"MemeMaxis"}
0x17eebf2b0c31f6af94abdb551d1dd509ba6e4f0a,1,{"palettes":"MemeMaxis"}
0x185952b3bb31da0ae18354bbb90ae40adc840c33,1,{"palettes":"MemeMaxis"}
0xdded73b0bbdb3782a453c9202f54c746fd391068,2,{"palettes":"MemeMaxis"}
0x19e7a132bd4b42f580f546197f42e19c42cdfe6c,4,{"palettes":"MemeMaxis"}
0x19f1a4a606a4741df1a8b6a45c33a29f43c4553a,1,{"palettes":"MemeMaxis"}
0x1a6f0dddb884854355023a2dfe26e9174f8e0290,1,{"palettes":"MemeMaxis"}
0x1b6265a40839a331ace2d81bc82b6104703c0426,1,{"palettes":"MemeMaxis"}
0x1b7844cfae4c823ac6389855d47106a70c84f067,3,{"palettes":"MemeMaxis"}
0xc18d4c2fee42accfe7bfdce98bfacbabf76242e9,1,{"palettes":"MemeMaxis"}
0x1ce68e5912ef8cb4e83620a50b70edc900ad4759,1,{"palettes":"MemeMaxis"}
0x722f897909cb4ba363b9b877e4019e3e8e2421ef,2,{"palettes":"MemeMaxis"}
0x1e0486ee85dd758078d75c674f3d28efc4c899fc,1,{"palettes":"MemeMaxis"}
0xd1dd467f1630be10d67205d6c816429f8ee49124,1,{"palettes":"MemeMaxis"}
0x20ebf9ae7c66da763fc1ce86062ce883389c8e23,2,{"palettes":"MemeMaxis"}
0xbd751cac1fb27d930a6a0394d97c77908d94ad5d,1,{"palettes":"MemeMaxis"}
0x2177da04f9479496c2292d6344d306aa49beb34a,1,{"palettes":"MemeMaxis"}
0x220da3fc3b905c968dfb20c81c170bc4dce56603,2,{"palettes":"MemeMaxis"}
0x22e8efe40ddb7f13b17b4c10f768967fc7a9f875,1,{"palettes":"MemeMaxis"}
0x230512379ced76d35500b03b6892a31b17de1248,2,{"palettes":"MemeMaxis"}
0x23602ca06e977c86339ffddad74966e824ab691e,2,{"palettes":"MemeMaxis"}
0x248458947c120ca057ec028b3fe7e4b3f26fdb3d,4,{"palettes":"MemeMaxis"}
0xf12e159643edeeba920518cc614820ab5726335e,1,{"palettes":"MemeMaxis"}
0x2801dc73a6dcefb364b959606e0c61234105fd5a,2,{"palettes":"MemeMaxis"}
0x28e6c1352950238be088ef2a741f3c8b91b9ffad,1,{"palettes":"MemeMaxis"}
0x29c2188c6c318ab5cae4ae4b11a49edf2ec9ab0e,1,{"palettes":"MemeMaxis"}
0x2a0a412e0a0d436cca7ddba177c4dd9f29801062,1,{"palettes":"MemeMaxis"}
0x2a462fb59a5b0885b60ad31c5fe473d5ba0d79fd,1,{"palettes":"MemeMaxis"}
0x69139b8abf2589b560bf0ae65ba7bf61f03dbe9e,2,{"palettes":"MemeMaxis"}
0x2c45f65d254e85584b47ec82450c91a30cfc6be1,1,{"palettes":"MemeMaxis"}
0x2c8875f34ceb219f61b7453b2c5f100ec2f6ed33,3,{"palettes":"MemeMaxis"}
0x2c9646bf2477a747897047b69ca1a1913ae5f611,3,{"palettes":"MemeMaxis"}
0x58059014c5952c04370bcb88a2e0503e9eafb209,2,{"palettes":"MemeMaxis"}
0xd1f6e5592361257aef68b96df42aef064080c5cc,3,{"palettes":"MemeMaxis"}
0x2d1543711bd262108fd8a1afb43d8871f76c134c,1,{"palettes":"MemeMaxis"}
0x2d924c0bc8033e7866b90ca2a76cbf4b5714b11b,1,{"palettes":"MemeMaxis"}
0xc13d5024c2ee14c5f80847afd09275f8b550a135,1,{"palettes":"MemeMaxis"}
0x2ec4a2bcd4f33c7c9aafab7cfa865ec15508bf62,2,{"palettes":"MemeMaxis"}
0xb692704d590e224c67fa96830c4b2526fccaf3a3,3,{"palettes":"MemeMaxis"}
0xf87787774e9f0a79fe521c09e686ca3ab4f5e85f,4,{"palettes":"MemeMaxis"}
0xf9eeea18a0ae0b90d0840d2b8501b4687822c2f1,1,{"palettes":"MemeMaxis"}
0x334cb32bc18ec632ab04ee55157aae1ff165e093,1,{"palettes":"MemeMaxis"}
0x346aaf2e75cfccb82cff0fcb8d2cdc21d5656358,1,{"palettes":"MemeMaxis"}
0xee3aa3fa5b780bc73da73a82d47fa2d8cdc1a647,1,{"palettes":"MemeMaxis"}
0x367dc97068ab54ba1dfbfc0fad12fbcb7b3a0d09,2,{"palettes":"MemeMaxis"}
0x37dee36d898edfac1026bec80493d3865a0707e5,3,{"palettes":"MemeMaxis"}
0x3852471d266d9e2222ca9fdd922bafc904dc49e5,4,{"palettes":"MemeMaxis"}
0x3876be5be4998adecbfbbad26604a762467e7f42,2,{"palettes":"MemeMaxis"}
0x5f656037e30a003862cf878db24ab5f537177fd9,3,{"palettes":"MemeMaxis"}
0x3c2286342e143d511ae6b7caefd548bf38c8c1ab,1,{"palettes":"MemeMaxis"}
0x3cb63b82d778105e43f064ed739b0655f1f0fb87,1,{"palettes":"MemeMaxis"}
0x3d91ad906c3969f86c588c988f721d5a735c6f81,1,{"palettes":"MemeMaxis"}
0x3df7131fbd4f6b27be8317c69e41817498e1bc0c,3,{"palettes":"MemeMaxis"}
0x98004498c85c4b1997b3f669475a038bbcec2160,1,{"palettes":"MemeMaxis"}
0x411dd34f17d5b6398f155f768ed27c32ad194862,1,{"palettes":"MemeMaxis"}
0x41254fe73d3b49f0fe3cc7743b4d40ef26bb338e,3,{"palettes":"MemeMaxis"}
0xbf270918afe2ad16093ddce904fc358ad337cefa,2,{"palettes":"MemeMaxis"}
0x420ecd4ec65c0fea87d8dc5d16c2476c42466b65,1,{"palettes":"MemeMaxis"}
0x4220132c9df1ab7bd2913f0fd03297c90e7cc6fe,2,{"palettes":"MemeMaxis"}
0xaec3f7e735505c2b787b05d67f4adaefe3dfd678,1,{"palettes":"MemeMaxis"}
0x42d38ed60a64d0b8c36f190e185d17db3617a091,3,{"palettes":"MemeMaxis"}
0x42e5abe19ba467b0b32a4d042d3dfd4ba2e196af,1,{"palettes":"MemeMaxis"}
0xa90aa01ec98f390cb86cd1846f7c0fd342a07955,1,{"palettes":"MemeMaxis"}
0x431181dae361813567f35ee2abac73291820fcc9,1,{"palettes":"MemeMaxis"}
0x43b0bd27d5016e969193412933387b0dd4cf3e0a,10,{"palettes":"MemeMaxis"}
0x44f301b1de6c3fec0f8a8aea53311f5cca499904,2,{"palettes":"MemeMaxis"}
0x45360f55024132b3110166e1b327170daa2cc299,1,{"palettes":"MemeMaxis"}
0x47d539d4dd9b6f21ccabc5c96bbbf7071290938e,3,{"palettes":"MemeMaxis"}
0x47dc3a7aec5c0e1f4b2c71303a4b1eaa0bee3e4c,1,{"palettes":"MemeMaxis"}
0x482a13a18634574bdf495c03855d95c543804de6,1,{"palettes":"MemeMaxis"}
0x48464efe55fbcae8ae0c992b306afcf21d4910cf,3,{"palettes":"MemeMaxis"}
0x7ca00a09e3b431d48c30e3e6cceaaeaf6385cc81,3,{"palettes":"MemeMaxis"}
0x4c48d00997c6d23d6b47a9ce8caa6027d0068e42,2,{"palettes":"MemeMaxis"}
0x4d7e6948fb5ed2d92897de0605cd642eff69fbf4,1,{"palettes":"MemeMaxis"}
0x81b55fbe66c5ffbb8468328e924af96a84438f14,1,{"palettes":"MemeMaxis"}
0x51a2d3572577b6c47186c82165ab8a61e046dc83,1,{"palettes":"MemeMaxis"}
0x53006f95def268f88dc1b8216654ab56f3afd052,3,{"palettes":"MemeMaxis"}
0xb775df51776d6767f8c2f5a14b667e300f60447f,3,{"palettes":"MemeMaxis"}
0xef5ab90a44b68d4f5e3f6be6af4bedb12cd2c66e,3,{"palettes":"MemeMaxis"}
0xb31a4974499daad3255206daee7d1f3595fa259e,3,{"palettes":"MemeMaxis"}
0x54913cc8ea17731d62589039dd0152f306473843,3,{"palettes":"MemeMaxis"}
0x557c60995797fa7b47be105227a2e46148d85750,1,{"palettes":"MemeMaxis"}
0x5663d7d0751db1a80f01d6974e02036b6d44d56a,2,{"palettes":"MemeMaxis"}
0xa0f1de4882a5cd1851989d9a1e9bbe9b4604e9a9,1,{"palettes":"MemeMaxis"}
0x69cb3b1de24e08f1cfc2994171b6c6930498f750,5,{"palettes":"MemeMaxis"}
0x5c95598fe454882fec1139c3ed1284255b49c8b3,1,{"palettes":"MemeMaxis"}
0x5df5342342701b8ae5bce28f74ebb73b5fc13a54,3,{"palettes":"MemeMaxis"}
0xe25b24cebed3055236e369570a437a99e1d32602,2,{"palettes":"MemeMaxis"}
0x6140f00e4ff3936702e68744f2b5978885464cbb,1,{"palettes":"MemeMaxis"}
0x614b89f072ea263a9387460963142e73548fbaf1,1,{"palettes":"MemeMaxis"}
0x61d9d9cc8c3203dab7100ea79ced77587201c990,4,{"palettes":"MemeMaxis"}
0x6232d7a6085d0ab8f885292078eeb723064a376b,1,{"palettes":"MemeMaxis"}
0x64f02c24bb510e27b5eaec705eaa840ff7b4df15,1,{"palettes":"MemeMaxis"}
0x670a840848eba22eb2a090fd65e1ff60c3ba9e5b,2,{"palettes":"MemeMaxis"}
0x69c8c2923005d26eaeea9500d7602eff8c81c848,1,{"palettes":"MemeMaxis"}
0x6b6ae848f555f70944bc99d736fe29fcaecf8b23,3,{"palettes":"MemeMaxis"}
0xcb85cf75d53fceb37af86b475903817db2b99d17,2,{"palettes":"MemeMaxis"}
0x6d1db4a7e83dae0eee7e95d421722d46d2a7e94b,1,{"palettes":"MemeMaxis"}
0x6e5632d334b861dfe4312c7ba34e175b60be0b5a,1,{"palettes":"MemeMaxis"}
0xbbc37f68e9876d64b2c55016081528ae0a85d8b2,2,{"palettes":"MemeMaxis"}
0x6f566a6672f615c2975f6c48224c46153e12ffcf,4,{"palettes":"MemeMaxis"}
0x6fdd8c800cbb81790cd48a20f90ce7e725f89c27,1,{"palettes":"MemeMaxis"}
0x933522fbb4c067652730bbc8e25d7820f4d72a60,4,{"palettes":"MemeMaxis"}
0x729fcbb6e1289c88ce5113ec1c83a48a8e3c9f2f,2,{"palettes":"MemeMaxis"}
0x730a94e8935bf2c1c2e9ffc010cff0d4881d35df,2,{"palettes":"MemeMaxis"}
0x966133652465b15365a91a8b1f6c95276838300d,1,{"palettes":"MemeMaxis"}
0x74d50ea9f8cf5652e75102c3fa049c01534dd6c4,1,{"palettes":"MemeMaxis"}
0x75005a05bc163b85991b9c9facbcf3155372422e,1,{"palettes":"MemeMaxis"}
0x80a1c9fdc26199a69d190ebc8ad287ef48758977,4,{"palettes":"MemeMaxis"}
0x76d078d7e5755b66ff50166863329d27f2566b43,3,{"palettes":"MemeMaxis"}
0x7729cfd6841ec449c20fa7d3970d2e0d035c856c,4,{"palettes":"MemeMaxis"}
0x774a34da2ee2e2d242180819f1ee88783215f7b9,2,{"palettes":"MemeMaxis"}
0x7a616f70604716c98cbd930903a9b24908bdb264,2,{"palettes":"MemeMaxis"}
0x7ba3e8f17582462676c44dd143388ed4b6b20655,5,{"palettes":"MemeMaxis"}
0x7c84aab9f3eb0897191d95afb2aeb56a63973532,1,{"palettes":"MemeMaxis"}
0x86ae37857534a842ac56a4eaeaaf83d02f46d1f8,2,{"palettes":"MemeMaxis"}
0x7ed69ff055d746d451f675635e9bf773accc6a97,1,{"palettes":"MemeMaxis"}
0xb68e75f5424e4dd8b97fb42c4965d08718349d69,1,{"palettes":"MemeMaxis"}
0x7f3774eadae4beb01919dec7f32a72e417ab5de3,2,{"palettes":"MemeMaxis"}
0xa978eadb605761725d11d3b3a4045cf5859e2d3c,3,{"palettes":"MemeMaxis"}
0xfd849d8cf365fe98bc60025ff7fab45cef0f557b,3,{"palettes":"MemeMaxis"}
0xc45920062985116eaac6589058ed337066d6f2e6,2,{"palettes":"MemeMaxis"}
0x82139687faae8a29851902783e02e699de0e0846,4,{"palettes":"MemeMaxis"}
0x84aeccde4c9f217e83d3fa28c31d34378b903f91,3,{"palettes":"MemeMaxis"}
0xea0ed16746257eb2bc11de2fefd63cdeece23a98,2,{"palettes":"MemeMaxis"}
0x8774be790cb9e12d5edaf2eb8a3f6c89410a497d,3,{"palettes":"MemeMaxis"}
0x8854b06ba346a703a3c043e2e7b8822db3ca6b3a,1,{"palettes":"MemeMaxis"}
0x885846850aabf20d8f8e051f400354d94a32ff55,3,{"palettes":"MemeMaxis"}
0x8874174a2366668d54fea6343f71709389563c8a,1,{"palettes":"MemeMaxis"}
0x8889ebb11295f456541901f50bcb5f382047caac,2,{"palettes":"MemeMaxis"}
0x88a6f6ac171e24be54d95dfa7ceff80ff185b346,2,{"palettes":"MemeMaxis"}
0xf8be957f65e67fb0342992a51c30290d5758f880,3,{"palettes":"MemeMaxis"}
0xeadd2d51e75a8b42302adc2aff0157a4bf626adb,4,{"palettes":"MemeMaxis"}
0x8af0b9a9b751e086122bc340188bd9d99b8c7ec1,1,{"palettes":"MemeMaxis"}
0x8b4d0402f7b2f063f255214b7095b5911a257a30,3,{"palettes":"MemeMaxis"}
0x8ba68cfe71550efc8988d81d040473709b7f9218,3,{"palettes":"MemeMaxis"}
0xc2e8ed8cc0be70f91fc9aa903d5f4538719d7dec,1,{"palettes":"MemeMaxis"}
0xb05b7ea3714a95857e45629def2b9c3577690208,2,{"palettes":"MemeMaxis"}
0x8f160eb907a80517a3fa6d22f7cf20f552696a44,1,{"palettes":"MemeMaxis"}
0xf37400284a7ef5e9bff3667c8330a43e29432e1c,1,{"palettes":"MemeMaxis"}
0x90fa40f24362c24de09b1cb86df9f0b1f1b15a90,2,{"palettes":"MemeMaxis"}
0x9233389b9afa0a6e3bb403f9d211c23a3b290d69,2,{"palettes":"MemeMaxis"}
0x94d25c0f01977452caf63d0ea939702cb1608ee1,2,{"palettes":"MemeMaxis"}
0x95999c47c3e32a337ef108d657675c2757a606ed,1,{"palettes":"MemeMaxis"}
0x96e861634b4c0e0a9e7c6a65dec549cc2a8a0e56,3,{"palettes":"MemeMaxis"}
0x9769334fc882775f4951865aa473481880669d47,3,{"palettes":"MemeMaxis"}
0x97d2b1b4a249ec77d56fd1576546996d14f7db1a,3,{"palettes":"MemeMaxis"}
0x9b742d1e98e5bb2f4d50f9fbbc047daf288ffc8b,1,{"palettes":"MemeMaxis"}
0x9bd69d51526fc9db09bb831f5069a48cbe4d3421,1,{"palettes":"MemeMaxis"}
0x9e1e3857fb2484379858b9daf230379015a7a100,2,{"palettes":"MemeMaxis"}
0xb00b18b3bf6ecc43e6235ee69424d4a220437a4d,1,{"palettes":"MemeMaxis"}
0xdf36b093cbc06522b68105c3d9141db188e980b6,1,{"palettes":"MemeMaxis"}
0x9f6ae0370d74f0e591c64cec4a8ae0d627817014,5,{"palettes":"MemeMaxis"}
0xa04f4a4b7306cb72f30828834db01699362a4989,1,{"palettes":"MemeMaxis"}
0xa081ae42802e0be86f5a6dd9274adf50c9986a1d,3,{"palettes":"MemeMaxis"}
0xa1b669414d40e68c11652b1cd82381f2a6495b89,1,{"palettes":"MemeMaxis"}
0xe6dba9bd4e5e7ce88d8a4f4ba02e7b5ecd86b588,1,{"palettes":"MemeMaxis"}
0xa62da2ea9f5bb03a58174060535ae32131973178,2,{"palettes":"MemeMaxis"}
0xb1c11a879c47debc22e3816e7b727fc8bbe3c8ac,2,{"palettes":"MemeMaxis"}
0xa711818b11bdd5797042ade80e3a59687558a4e1,4,{"palettes":"MemeMaxis"}
0xa743c8c57c425b84cb2ed18c6b9ae3ad21629cb5,4,{"palettes":"MemeMaxis"}
0xa817b9bd1ece360e4a1692894a5ad1d40b889f20,1,{"palettes":"MemeMaxis"}
0xa97204eb6b0f3e58e8acff48a2317511e7628949,1,{"palettes":"MemeMaxis"}
0xaa1d3f5d45333e40467e989d472effac4da00da9,2,{"palettes":"MemeMaxis"}
0xab2056903a7b62bac46f45a3d7a70ac799ca88cb,1,{"palettes":"MemeMaxis"}
0xab3ba2d668215acd23f7da923683a5ed88bad625,1,{"palettes":"MemeMaxis"}
0xac772daaa5079e005eec3e53314d6d1e9149dc87,3,{"palettes":"MemeMaxis"}
0xadd72e24a9e9117aa16d253cb421cb93b00240e3,1,{"palettes":"MemeMaxis"}
0xadebdeab678647a457743ea3af98f8b804e45c24,1,{"palettes":"MemeMaxis"}
0xaf5c021754ab82bf556bc6c90650de21cf92d1c7,2,{"palettes":"MemeMaxis"}
0xb08f95dbc639621dbaf48a472ae8fce0f6f56a6e,3,{"palettes":"MemeMaxis"}
0xb3b16685ca2d2a764882e2bb2a8d3d769cd74145,1,{"palettes":"MemeMaxis"}
0xb42ab92f5af0f162fffefa2b1e12702ce3fc9e17,2,{"palettes":"MemeMaxis"}
0xb4627672ee52660a9e453ec541834e04583f3602,1,{"palettes":"MemeMaxis"}
0xb6cf25f5cf8a1e1727d988facdd47f1dfc492caf,2,{"palettes":"MemeMaxis"}
0xb8937891f08af9854a5ae7a5ec0cbaf4e68acd4c,2,{"palettes":"MemeMaxis"}
0xba12fda058a14eb03c14613601c3a30d6f955196,2,{"palettes":"MemeMaxis"}
0xbbdd72fcce73c2626719be00259ddffef0d5673d,1,{"palettes":"MemeMaxis"}
0xbc2ab46887142d546a976d56eb9a3d9da147ee65,2,{"palettes":"MemeMaxis"}
0xbdf82b13580b918ebc3c24b4034e8468ea168e21,3,{"palettes":"MemeMaxis"}
0xbe8fe12b9eb1ca2a593e6c070c71c294b6fe9f00,5,{"palettes":"MemeMaxis"}
0xbe9998830c38910ef83e85eb33c90dd301d5516e,1,{"palettes":"MemeMaxis"}
0xc02e6b0d0c1a5d8cd26beeba0fe8d76c5d2f19b9,4,{"palettes":"MemeMaxis"}
0xc03e57b6ace9dd62c84a095e11e494e3c8fd4d42,1,{"palettes":"MemeMaxis"}
0xc457fee0564bf3eb972114762f62ab45c0e3590b,1,{"palettes":"MemeMaxis"}
0xc4bfc1dc25827f39ad4a66bfc968456c7852a9a2,1,{"palettes":"MemeMaxis"}
0xc4e8b752c53df925013e03fe4d2273a8ccb6c545,2,{"palettes":"MemeMaxis"}
0xc5a2c3a524be0792519655d4093b44b988db4f68,1,{"palettes":"MemeMaxis"}
0xc6400a5584db71e41b0e5dfbdc769b54b91256cd,34,{"palettes":"MemeMaxis"}
0xc78cd2e1e8ad4a288eddafb139c9d0891ad01ae7,2,{"palettes":"MemeMaxis"}
0xc7a295b1b2df1efb82aa204958b98ac30171cb85,1,{"palettes":"MemeMaxis"}
0xc7bb15c11595c877302ddfb330a4082d92f5bcd7,4,{"palettes":"MemeMaxis"}
0xc7d2d152dda8cf7a7860288c3db9a1a4ce29162b,1,{"palettes":"MemeMaxis"}
0xc94a284808e31b9ef43f9c9a48933e5a268cff9e,1,{"palettes":"MemeMaxis"}
0xc97958ff5370c56b7e0e6fb58437f00702714d49,1,{"palettes":"MemeMaxis"}
0xcaa1c396e70384db58dd33be74b26fb119e98c3a,4,{"palettes":"MemeMaxis"}
0xcaf3365d474690a1ac6643d3d6ef44cb0c6deec4,4,{"palettes":"MemeMaxis"}
0xcb85b581caa71949784d2e826cf9df391c244b33,1,{"palettes":"MemeMaxis"}
0xcd30b6de9dadb0a1598eb12a4ccf34b98c98c1df,1,{"palettes":"MemeMaxis"}
0xce8ad80ce1a979381d209ac230d02adafb9fa897,1,{"palettes":"MemeMaxis"}
0xfa977a0125c16a658a59ca1e59c7c48d58142226,1,{"palettes":"MemeMaxis"}
0xd193a7d7b231c204b76b9d638768ea602de515f6,1,{"palettes":"MemeMaxis"}
0xd3364ea1c742cc2d396ac65e1723b8d608a939bb,3,{"palettes":"MemeMaxis"}
0xd7192081e5f481364c190022f0012a729fba37a5,1,{"palettes":"MemeMaxis"}
0xdc78107155918e230246439e4159fea4c477eae9,2,{"palettes":"MemeMaxis"}
0xdde27b3ba448e15357183060ae006bb54ebb3d86,3,{"palettes":"MemeMaxis"}
0xde112b77a1a72c726d8c914c23dceaa53273c351,4,{"palettes":"MemeMaxis"}
0xe05e90015f6577ea1b1eb682ff8e1db1b7b6bcce,1,{"palettes":"MemeMaxis"}
0xe16df6503acd3c79b6e032f62c61752bec16eef2,3,{"palettes":"MemeMaxis"}
0xe1c22662f4f1320c6e5319d002b3c3d52f0d0135,1,{"palettes":"MemeMaxis"}
0xe2d22dc1c2f7c58f86606e405325c69f5210a6a7,1,{"palettes":"MemeMaxis"}
0xe418a9a5e49dde0d13e1ef51d4bfb7fcc51c28df,1,{"palettes":"MemeMaxis"}
0xf2c5f1fd977dbd6de9d04bc4e62dff722d4bb1a1,2,{"palettes":"MemeMaxis"}
0xe5fccbbc11e4a36a77e9d8e47a9b28ec44e2e2ff,1,{"palettes":"MemeMaxis"}
0xe70d73c76ff3b4388ee9c58747f0eaa06c6b645b,1,{"palettes":"MemeMaxis"}
0xe7c5ef2cee9c15b04fc7dea61a1ec443dd8e7fd1,1,{"palettes":"MemeMaxis"}
0xe7de1e998ee34918cabab534282803fce02e3f40,1,{"palettes":"MemeMaxis"}
0xe8fe99667a70fe2573a1779865d4698a5d110e57,1,{"palettes":"MemeMaxis"}
0xe96eb4507a1d162bbb99301fe592d310e9489e40,1,{"palettes":"MemeMaxis"}
0xea39c551834d07ee2ee87f1ceff843c308e089af,4,{"palettes":"MemeMaxis"}
0xee2c055f7706b9dfcd98cd5a23d5629d6316c0bd,3,{"palettes":"MemeMaxis"}
0xef15bd3f923245b24d64d6fbf57f036fe650c23a,2,{"palettes":"MemeMaxis"}
0xf054274dd74987395d28136e53f39ef4f7b19994,1,{"palettes":"MemeMaxis"}
0xf1f476f144df01480297dca47efca565e8b0c9f1,4,{"palettes":"MemeMaxis"}
0xf84408070b4de16d6bb0ab2fd8b19d37e3fd1422,2,{"palettes":"MemeMaxis"}
0xfa69519696e9d4abdf7d054c3ba44d32fe350ead,1,{"palettes":"MemeMaxis"}
0xfd22004806a6846ea67ad883356be810f0428793,11,{"palettes":"MemeMaxis"}
0xfe3b3f0d64f354b69a5b40d02f714e69ca4b09bd,3,{"palettes":"MemeMaxis"}
0xffe6832850476eb6d5ff184d747ed84f1b686aa9,1,{"palettes":"MemeMaxis"}
0xfff39900273ffb1045c7cfde62df1720b63fd6bd,1,{"palettes":"MemeMaxis"}
0x03f4cb9e297ea659f30e09341ee7155a7d136398,1,{"palettes":"MemeMaxis"}
0x0c4a911ed6af1032beec7c19225c91a3160e39e3,1,{"palettes":"MemeMaxis"}
0x1c172d05b75178fc669d74407243cc932030f139,1,{"palettes":"MemeMaxis"}
0x20163ec2afd9698433a031b0a7dcd70ed77ba8c7,1,{"palettes":"MemeMaxis"}
0x29cd8d94a4e564a6d6576b467ea0bb9d51c9f05e,1,{"palettes":"MemeMaxis"}
0x343e85ac3009ac01538d4251900ce1a2b7d7ffec,1,{"palettes":"MemeMaxis"}
0x35d7dd9230a1f079c907b53e7c5822b34e197a1d,1,{"palettes":"MemeMaxis"}
0x37ea6c993c5f42e1fc3455d5781e4a580760970a,1,{"palettes":"MemeMaxis"}
0x4b6c1d196e06446eb0534326bbfb02cc3d073a2b,1,{"palettes":"MemeMaxis"}
0x506452ab0dacf04db0ab1544b6be4019651ada90,1,{"palettes":"MemeMaxis"}
0x511c85042524a41bbf30e7a8533a84b8c5e55f43,1,{"palettes":"MemeMaxis"}
0x536a8132f9a537b29e31522ad91aca66e69fe6df,1,{"palettes":"MemeMaxis"}
0x56b367a6303b3d626bfbabc625b8e0b5bd9452f8,1,{"palettes":"MemeMaxis"}
0x571493b6bb0b99dda41e2da1774b8c9b5bc302af,1,{"palettes":"MemeMaxis"}
0x577b282c846756b7a01bcf49c5a7539922d5fb75,1,{"palettes":"MemeMaxis"}
0x5e3118e91b0a02a5e2b92e49700c63434e94f0b2,1,{"palettes":"MemeMaxis"}
0x5eefc3ae27be1483ad6b864b45ed72fc39e6bb6c,1,{"palettes":"MemeMaxis"}
0x614a62584658d555cc28b3aabdb691e85e002c8b,1,{"palettes":"MemeMaxis"}
0x62ba9de7d81b96d697fc2f26b5eb647f184f9b2e,3,{"palettes":"MemeMaxis"}
0x63523769e90fc0a66932a5fdc7c21d921f188812,1,{"palettes":"MemeMaxis"}
0x78e37b881d078d4b2f90de0422dadfd4da50ed4f,1,{"palettes":"MemeMaxis"}
0x7a231b6d33f1da74e9fb593bc785b4914a852867,1,{"palettes":"MemeMaxis"}
0x7e737324cd6702e1b93c9240072ec9cc036dce21,1,{"palettes":"MemeMaxis"}
0xa309e257db5c325e4b83510fcc950449447e6bda,1,{"palettes":"MemeMaxis"}
0xa4b61e227361a9cd9e62ca10946c27748a382cab,1,{"palettes":"MemeMaxis"}
0xa71000e72d38e6a84d7190f59fd3dfc73931c0e8,1,{"palettes":"MemeMaxis"}
0xa7cafd18dd8bc1e23203058d66f89f0f0ee539d9,10,{"palettes":"MemeMaxis"}
0xac1c7cc22ff431b5fc07c177b629d926a45eafa8,1,{"palettes":"MemeMaxis"}
0xad102dacb54816ee8b128c63b83c7b5fc587f4d7,1,{"palettes":"MemeMaxis"}
0xafb4fccf58bfc06ebc8ccd387b68140cca05f4c5,1,{"palettes":"MemeMaxis"}
0xb56ae8a727cf38f1f4716aeda6749d2af340d8f4,1,{"palettes":"MemeMaxis"}
0xb8700157128ff544c46cf35dec5a19120baa8eb2,1,{"palettes":"MemeMaxis"}
0xbfe384d79969bcb583b8a0e5fedc314aee480e7e,1,{"palettes":"MemeMaxis"}
0xca339bd4739227f71b646f8b23ca098c86f6c3a5,1,{"palettes":"MemeMaxis"}
0xe96ba1a10f72b58934b9ac0e3fb471d2ba65b757,1,{"palettes":"MemeMaxis"}
0xeecc9f94c674161e84ab0c60c020432ea8f88bc0,1,{"palettes":"MemeMaxis"}
0xf161ff39e19f605b2115afaeccbb3a112bbe4004,1,{"palettes":"MemeMaxis"}
0xf624e9324f9b330cc0289775d7b91e945e881134,1,{"palettes":"MemeMaxis"}
0x003a324f92f3da19f1816c7449bab8d02ffffde9,1,{"palettes":"MemeMaxis"}
0x00403d8538f8275279fcedcac967f972a72cfc1e,1,{"palettes":"MemeMaxis"}
0x05de6d83bd2b4e0a71767e42c151b4823ab7bf3c,1,{"palettes":"MemeMaxis"}
0x068ac234248e886cd8287d90fd750732fa68370c,1,{"palettes":"MemeMaxis"}
0x08b54f83dbf755d3e58a58173353c8b82c7056c4,1,{"palettes":"MemeMaxis"}
0x0c664c03eebcecb6c21e3b3bc77c9dffed5bd694,1,{"palettes":"MemeMaxis"}
0x0d69a096b2c66310309f0ead1d6c97c4dfe87086,1,{"palettes":"MemeMaxis"}
0x0d9dea64972ce9b0e889c0b6787c5fc005c164cd,1,{"palettes":"MemeMaxis"}
0x0f78afe5b1e689cc2b205a78531957a286c42511,1,{"palettes":"MemeMaxis"}
0x0f813870ae262791e255460108215cbdff416d72,1,{"palettes":"MemeMaxis"}
0x0fb4e7dff29c22029975373d1bbf5873ffc3c61a,1,{"palettes":"MemeMaxis"}
0x1003b47b2980ae3cf433165f81296ef747e4f484,1,{"palettes":"MemeMaxis"}
0x108c0c18df932d6d4e4cb743c95486e383ad2b65,1,{"palettes":"MemeMaxis"}
0x123be94bca3e5ae858039112d14c1c740a3989f9,1,{"palettes":"MemeMaxis"}
0x12c4908dc21e88a8f268c3f363098eed251c1aa3,1,{"palettes":"MemeMaxis"}
0x15c8d7d32fcb740eead55cc96afd2fa05cbe6e7d,1,{"palettes":"MemeMaxis"}
0x15dfcc4e6d00539497527ad5157815176dbad0ce,1,{"palettes":"MemeMaxis"}
0x18fb2a2d9fa010dbcd33685a86ed209b821e5cbf,1,{"palettes":"MemeMaxis"}
0x1db5628f9443a603615beb064106bb159bedeebc,1,{"palettes":"MemeMaxis"}
0x20ec02894d748c59c01b6bf08fe283d7bb75a5d2,1,{"palettes":"MemeMaxis"}
0x225173c40445a3f3665a835b0ef088ce55d1d007,1,{"palettes":"MemeMaxis"}
0x2666f0c8fb58d182f2dd79475dca4a07b3724607,1,{"palettes":"MemeMaxis"}
0x2916768f1fea936b6c69830b8e1e3bad5e612255,1,{"palettes":"MemeMaxis"}
0x50002a9b8e9938d509de84dc3eb3aabfbec1451e,1,{"palettes":"MemeMaxis"}
0x2d95e2677b2c1173377454087ee462cd0f738568,1,{"palettes":"MemeMaxis"}
0x2db0763686a3e10083b57435c0c8a1049ea66d10,1,{"palettes":"MemeMaxis"}
0x2fbd96729bbc8b02c3084583ada26fffc15278f1,1,{"palettes":"MemeMaxis"}
0x35abf8eee9d90065c463cf7e55ded02f8bcfb043,1,{"palettes":"MemeMaxis"}
0x38bee40601210a3b8fbfe5348a940280a5de0f35,1,{"palettes":"MemeMaxis"}
0x39e0891477cbe60e0c55cc33b1a8f8b7defd8c71,1,{"palettes":"MemeMaxis"}
0x3c6bbfa899f292259e1ac404c1ee06368c8f3de9,1,{"palettes":"MemeMaxis"}
0x30607f2c34d2e847c41fee6b29c3301082031350,1,{"palettes":"MemeMaxis"}
0x3da2fb6ef26c858d814e4b7fe1dbaf5ec16d334c,1,{"palettes":"MemeMaxis"}
0x40e6d6e798dc878e12987ed978f23c2391f1f570,1,{"palettes":"MemeMaxis"}
0x4322aa46ffed67809862da613725728e2fb8eae3,1,{"palettes":"MemeMaxis"}
0x438ee34be7c6deefbdf0afc21c0d5375b912e0d8,1,{"palettes":"MemeMaxis"}
0x49ca963ef75bceba8e4a5f4ceab5fd326bef6123,1,{"palettes":"MemeMaxis"}
0x4b4d75b8b0fc7528ea2614b2ca83555824c07867,1,{"palettes":"MemeMaxis"}
0xf2a9b2f80d3e5ce23f78020d72d7cd9532cc2e0d,1,{"palettes":"MemeMaxis"}
0x4dffede9b8cf0eb21f277cc21d10d5e7302f2399,1,{"palettes":"MemeMaxis"}
0x50d086175cc14fa5ae008591d72a93cf22b48e32,1,{"palettes":"MemeMaxis"}
0x50f8c08b0124092e1001b355f4b8ae2df85f715c,1,{"palettes":"MemeMaxis"}
0x53405304e94d35ebc1218c79dd6cf534d9f70ad7,1,{"palettes":"MemeMaxis"}
0x5456a80558bf93c9aeadadeeff163a0da642279b,1,{"palettes":"MemeMaxis"}
0x5659de064e163a7178b2d3b802ff13274d7d8e69,1,{"palettes":"MemeMaxis"}
0x5d89737e854c860d25e106c498c6dca0b516ed7a,1,{"palettes":"MemeMaxis"}
0x632928ca3558e615524bdc6f5eeb2efa505ff70b,1,{"palettes":"MemeMaxis"}
0x6590ceaf9227887c43c6b3eeffab08f326a1aabe,1,{"palettes":"MemeMaxis"}
0x6be45208f54b37117ea0ec1cc83a2a386ba56f41,1,{"palettes":"MemeMaxis"}
0x6ce52498047b8279ccc7c25b41c95cd482525e54,1,{"palettes":"MemeMaxis"}
0x710852027bc25db82ba562d5b1499b6d9b02fa9c,1,{"palettes":"MemeMaxis"}
0x778efedea62ddd7cecad25d32a03120ac35fe075,1,{"palettes":"MemeMaxis"}
0x729fa41c7413def56234fa29a72991b49b9a542e,1,{"palettes":"MemeMaxis"}
0x72f711e517e8a7f67f6e44c1d5a19dbb31e96b53,1,{"palettes":"MemeMaxis"}
0x744ae2b6ac075cc06c3dd2348bf4c8a7db409b5d,1,{"palettes":"MemeMaxis"}
0x753c892626c4fa09d1aedc0e9b52bda97a4afa00,1,{"palettes":"MemeMaxis"}
0x793aba8ff4b3caadba0aa143326ae8fad5b12412,1,{"palettes":"MemeMaxis"}
0x7c8f072015d4e29c24088fe55e62381406bd71ec,1,{"palettes":"MemeMaxis"}
0xbecf64aab1c6813a526ce63483cb8cadb2988c07,1,{"palettes":"MemeMaxis"}
0x8145fd1b46128f35609b0be92a88165ea9638ee3,1,{"palettes":"MemeMaxis"}
0x82836bd22f6e52c0fbc83092da0900a51c5daae1,1,{"palettes":"MemeMaxis"}
0x85d8e62e0e58e361aee49364e67ac6db5e8e38d1,1,{"palettes":"MemeMaxis"}
0x8a52affafa6b15cf1496babad7d6d84129a4764f,1,{"palettes":"MemeMaxis"}
0x8da288c9fdaa754f2eeadf8145222bd1cc8782ff,1,{"palettes":"MemeMaxis"}
0x92ba8c06142ce9f805a35898190cc53b3a809ab7,1,{"palettes":"MemeMaxis"}
0x953cc221d2d43ba9b7eb9bdf17617aea39cea774,1,{"palettes":"MemeMaxis"}
0x988683b8cc7122dc0bad834c6e32eb44097220f7,1,{"palettes":"MemeMaxis"}
0x9f761d100c27d8c20eb32ed5c929c3332f01dcea,1,{"palettes":"MemeMaxis"}
0x9fc80955aee9e3eb8c511a50a72b7e589700ffd6,1,{"palettes":"MemeMaxis"}
0x4269aadfd043b58cba893bfe6029c9895c25cb61,1,{"palettes":"MemeMaxis"}
0xa00bbf3f9272329710a36fe3f47cb053e377cdd3,1,{"palettes":"MemeMaxis"}
0xa03d04ff89308adf54badf18b46fee9980093524,1,{"palettes":"MemeMaxis"}
0xa44b68fc590a2fd1cf48f2689a8aa2c8b62d2261,1,{"palettes":"MemeMaxis"}
0xa56c04347abee42f663eff9bc2d0147b97c8f782,1,{"palettes":"MemeMaxis"}
0xa8f1b7bee4bb60311511144ecd6dab7b04ef2735,1,{"palettes":"MemeMaxis"}
0xb4128bd437953b6639e03fa4bd63e44fda625c55,1,{"palettes":"MemeMaxis"}
0xb60211811a4977b5f4b65a1d2d27a2591d73d1ac,1,{"palettes":"MemeMaxis"}
0xb68c284ed5d9d708d0781ed148b5c7de4edaccf4,1,{"palettes":"MemeMaxis"}
0xb6dd2144ab7140c32af8f2ddbe9472a32e2ecddd,1,{"palettes":"MemeMaxis"}
0xbb59498b19783e5d81f72ad07acdac619b6808e2,1,{"palettes":"MemeMaxis"}
0xc72dd02e34129c57f0e68fb9e0df1fe185d71857,1,{"palettes":"MemeMaxis"}
0xc914f689ed0b248edb040c53f82058c0b47026a7,1,{"palettes":"MemeMaxis"}
0xcc95fb46ce61d885ff396288277aea4c13950e09,1,{"palettes":"MemeMaxis"}
0xcf8e055fb098c1f376a65d5184c4b2e08998896c,1,{"palettes":"MemeMaxis"}
0xd413f436a036b9773d7adccaac10242e27b9da74,1,{"palettes":"MemeMaxis"}
0xd76d392d17379c22ca5e49d167bad1dcaf7eba0d,1,{"palettes":"MemeMaxis"}
0xdac18508a8d7247d900912fc34f7dbeb7727916b,1,{"palettes":"MemeMaxis"}
0xdbe37b6be9e4cd306b1ac5e6ec79ff67032d69cb,1,{"palettes":"MemeMaxis"}
0xdcba56d494933a6e29827d71006c0390d813ac99,1,{"palettes":"MemeMaxis"}
0xdd3adf8a817421dc7a7434c9cbb148601396ac44,1,{"palettes":"MemeMaxis"}
0xdd624ca68246fe7c638e1ddb53db83ef28412efd,1,{"palettes":"MemeMaxis"}
0xdebd22d7f63648dfb69bb6e2a4c88264d578c0a4,1,{"palettes":"MemeMaxis"}
0xe15292b6bc09ba1863a3ea49dd3bc4d06f0806a8,1,{"palettes":"MemeMaxis"}
0xe243dd7402fbf50488e169bfac050fd34d7af647,1,{"palettes":"MemeMaxis"}
0xe3b41ae8785e4107cc69f988042ff4a66a367fac,1,{"palettes":"MemeMaxis"}
0xe45380c24d361b5314357ad93dcc3e0e540718af,1,{"palettes":"MemeMaxis"}
0xe552c715b14c5235d8c2d2277fc05c3c4f3217b0,1,{"palettes":"MemeMaxis"}
0xe5cd0fc813d020644c496dd964a32eb9ac17e50d,1,{"palettes":"MemeMaxis"}
0xecbae8675df371a11724684aff5f81fff53db5a9,1,{"palettes":"MemeMaxis"}
0xf04f266d51563c2043ed8f51744572793c4d5793,1,{"palettes":"MemeMaxis"}
0xf4aa005cdd64b2c80e6cbfc30c427f80b5d1f0b4,1,{"palettes":"MemeMaxis"}
0xf61e452c5f25259deeb3a3d31c4a0695188f8653,1,{"palettes":"MemeMaxis"}
0xf6b6f07862a02c85628b3a9688beae07fea9c863,1,{"palettes":"MemeMaxis"}
0xfb47b2ca7df248d36cf0e4f63bfd0503c25debd4,1,{"palettes":"MemeMaxis"}
0xb033daedca113b0386eb3e8f4c72c79fc50ae32e,48,{"palettes":"MemeMaxis"}
0xd3e401814d1faa8ca0419ecccbfee93ac7b15b31,1,{"palettes":"MemeMaxis"}
0x89ef05c30c821c49b67d06e630686c5c3232baab,1,{"palettes":"MemeMaxis"}
0x9274f2f89fbe5dc00c21c628e46a18c7187c14d7,1,{"palettes":"MemeMaxis"}
0x43b9778940c53abf2ca96ba900ff181ec09d7fcc,1,{"palettes":"MemeMaxis"}
0x1d522bd33cdd1f60be71b0b7b2efe4e9f20a5263,1,{"palettes":"MemeMaxis"}
0xc81635abbf6ec73d0271f237a78b6456d6766132,1,{"palettes":"MemeMaxis"}
0x74e225269effacee134aadb51aa135ad066f55b8,1,{"palettes":"MemeMaxis"}
0xe8bee2f6bf252ed9efbbd483ca4093ace7350c92,1,{"palettes":"MemeMaxis"}
0x63f11d2060d147e75c2bfb83dbebe155b4d06b66,1,{"palettes":"MemeMaxis"}
0xa96d4549729c2a826237d91b3a3700cad7dfec4a,1,{"palettes":"MemeMaxis"}
0x0da4438a9cc8d41fe9c0c6efd302a173ed967da7,1,{"palettes":"MemeMaxis"}
0xc97a5623578a832354988e7e40869f5207193d53,1,{"palettes":"MemeMaxis"}
0x2afc032aaf6d7ead33fb05f9d42d874874dfb9d1,1,{"palettes":"MemeMaxis"}
0xdc819a832bfa55c933238a474954f3646da275ed,1,{"palettes":"MemeMaxis"}
0xa490a0346808dda91aea6698cb19e4697d9fc5cc,1,{"palettes":"MemeMaxis"}
0x3ac61447a75149ba67639100ecc92c76fb20941c,1,{"palettes":"MemeMaxis"}
0x7d5300e22db1b2850da1beed10a894893731c1a7,1,{"palettes":"MemeMaxis"}
0xc29ded4c6ede7482068197c3e3205d850ffedb0f,1,{"palettes":"MemeMaxis"}
0xb37c5603fb0c6c2e2b62d0525affed9e1e5a6a19,1,{"palettes":"MemeMaxis"}
0x6a3d9412a705f5531b029ef4a7b8040e1eb84ad3,1,{"palettes":"MemeMaxis"}
0x8043812aea5a07dd6523b5d83abd5e606422944f,1,{"palettes":"MemeMaxis"}
0xbd3a5d12af9fd82fb927fd26216e4dc2722d2337,1,{"palettes":"MemeMaxis"}
0x387f802c6a9ecffc8b8f6bb7b80ea0db4cef9810,1,{"palettes":"MemeMaxis"}
0x0f0eae91990140c560d4156db4f00c854dc8f09e,1,{"palettes":"MemeMaxis"}
0x3a10fd1387555cd75db8142393fbaba98efe28d4,1,{"palettes":"MemeMaxis"}
0x7e0051a0b48f3c5848e66fd02bea3400f979a89a,1,{"palettes":"MemeMaxis"}
0x81590c16b9d1495d133cf881acf5cc0b56730b74,1,{"palettes":"MemeMaxis"}
0x4f13eabaf32ef4ad3837ae88fcfc6c69edba0377,1,{"palettes":"MemeMaxis"}
0x70e680b9493685f72e76243c09993fca768eedf1,1,{"palettes":"MemeMaxis"}
0x63923511f7b628483f9e160cc173e68a5ded11b6,1,{"palettes":"MemeMaxis"}
0xb848a0b0ba24a233e2f05d0a382e1c2035bfc5f0,1,{"palettes":"MemeMaxis"}
0x0aadeef83545196ccb2ce70fabf8be1afa3c9b87,1,{"palettes":"MemeMaxis"}
0x8d5e59e11838cff72af5fb0681d96a9136ad0604,1,{"palettes":"MemeMaxis"}
0xbe2f803bfbcffbcd77aae4e9104406abfeda497a,1,{"palettes":"MemeMaxis"}
0xc0ced4439c1f0871f16a46e13fbe41fbf61ba265,1,{"palettes":"MemeMaxis"}
0x2cb5ae51861a4a6e8568b527cafc3891317ac94d,1,{"palettes":"MemeMaxis"}
0xf681efdcba35c69dc0fe56b7fdb56324f5abd385,1,{"palettes":"MemeMaxis"}
0x15c69e9b03beeb7b24f976d33ade9027fa27ca09,1,{"palettes":"MemeMaxis"}
0x52349a2c4ea4e4b94ada3d75c9d3a318c024706f,1,{"palettes":"MemeMaxis"}
0x03024d05b1aea10b64ff3af1fed6a3df9adeebb7,1,{"palettes":"MemeMaxis"}
0xa94ba6f81ede0d81a5252e71916b5c5567ad6a01,1,{"palettes":"MemeMaxis"}
0xbccc968eeebffc2586a50eef0ee1cf12273c9604,1,{"palettes":"MemeMaxis"}
0xda34ee56031bacb68cc3ce57339c2a11c28d8eb3,1,{"palettes":"MemeMaxis"}
0xc6c3752bdab737b8cfa174e6ecfa620ec0cc162e,1,{"palettes":"MemeMaxis"}
0x22418183c90741bab6606c0e0d240ae6c3a148f0,1,{"palettes":"MemeMaxis"}
0x34529c335eb08b796bf7fa44e793913a9e798ab6,1,{"palettes":"MemeMaxis"}
0x73d30ba3dc4ffd17c28cc2d75d12e50df98f29cf,1,{"palettes":"MemeMaxis"}
0x149fd340ca0df54228aacdad7755b05d0e2b23d9,1,{"palettes":"MemeMaxis"}
0x9748979f342047c705e01e9de3008e66ce36c35d,1,{"palettes":"MemeMaxis"}
0xced4ba69bc33fa58f2ebbf2be1a9655b7ed7e1d1,1,{"palettes":"MemeMaxis"}
0xe4bb5b561d23313c89f53d80f049545f1afd2caf,1,{"palettes":"MemeMaxis"}
0x2a538000a53f38d89f37fa43a301cee2c0f9e331,1,{"palettes":"MemeMaxis"}
0x059d148425861041d402e205985c61af766e325b,1,{"palettes":"MemeMaxis"}
0xbc49de68bcbd164574847a7ced47e7475179c76b,1,{"palettes":"MemeMaxis"}
0x3ee24138a7a6e9f5be87b446b9045fd69589f3ce,1,{"palettes":"MemeMaxis"}
0x65720aa2959d745a2a24bc779f05100a0217d905,1,{"palettes":"MemeMaxis"}
0xc57058197550b03460fba4f0c4754db451917a42,1,{"palettes":"MemeMaxis"}
0x334c036e3125dcb6d93e9b998f6d9d7a1be4b17f,1,{"palettes":"MemeMaxis"}
0x1be93794a0db6a4d9c3b2ab1a4d125bfdeb6387e,1,{"palettes":"MemeMaxis"}
0x2aaba4b94a805f0fea696dc11de324c2320ff4e1,1,{"palettes":"MemeMaxis"}
0xb88f61e6fbda83fbfffabe364112137480398018,1,{"palettes":"MemeMaxis"}
0xeae448e1537aa3c6b2a37e2ab26bba7ca2de9436,1,{"palettes":"MemeMaxis"}
0x207b3c1083a62e282d375a11f52730879cbfbbbb,1,{"palettes":"MemeMaxis"}
0x5338035c008ea8c4b850052bc8dad6a33dc2206c,1,{"palettes":"MemeMaxis"}
0xd7a22c594a8874e53b9630922d13b014e83032bf,1,{"palettes":"MemeMaxis"}
0xe49b82c3233602d68f51611a05b2ca2dd690c606,1,{"palettes":"MemeMaxis"}
0x8bdf6b52959581c0a8f4e99fa71b2225dc691814,1,{"palettes":"MemeMaxis"}
0x931e8194d361571cc8476b15f8ce2f6e72d593f5,1,{"palettes":"MemeMaxis"}
0x537037c5ae805b9d4cecab5ee07f12a8e59a15b2,1,{"palettes":"MemeMaxis"}
0x916986deea4a3f031f82b0412f17dbcff9fa39d2,1,{"palettes":"MemeMaxis"}
0xda48a00aedb635bfb08a31a308fbeeb92c2f2dc1,1,{"palettes":"MemeMaxis"}
0x472c8af0fd11067afe8c74adf57def0594b620c3,1,{"palettes":"MemeMaxis"}
0x8f688a91695f7d2a1e93e57cedcbf5c5202f617b,1,{"palettes":"MemeMaxis"}
0xbc463a622a228d98375d575110c0ada0dd4255b7,1,{"palettes":"MemeMaxis"}
0x3d885cb987c00fe980c20e76e21c53313f43946a,1,{"palettes":"MemeMaxis"}
0x0b3e3a27d85996e20b2cdd0e7f1e1208816d05b8,1,{"palettes":"MemeMaxis"}
0x0ca4dc095608c6b153019f734106581c85f2dcc3,1,{"palettes":"MemeMaxis"}
0x0f9f4f74a8e4caa11b517fff709b5a98be2a7bac,1,{"palettes":"MemeMaxis"}
0x129c6695dfe7a906bd8fda202d26dfff601f83a4,1,{"palettes":"MemeMaxis"}
0x1566ae673ae80725bcce901b486c336e6acef465,1,{"palettes":"MemeMaxis"}
0x1a9aee029a1b8c69c4404890c85715cc726746c7,1,{"palettes":"MemeMaxis"}
0x1aa1c4fdb3b3de2b005a363281d0419e10d1b173,1,{"palettes":"MemeMaxis"}
0x1fd7ba908acac59631bcbd4f808dd6d68a403ae6,1,{"palettes":"MemeMaxis"}
0x27b1abafb2cb065cfaf41b4b7ee95d27192151b2,1,{"palettes":"MemeMaxis"}
0x2924196a2ec71ea4ae1b1357381eccdcee6c18f2,1,{"palettes":"MemeMaxis"}
0x2947cd7346b3a372b357256b8955ebd4b5735987,1,{"palettes":"MemeMaxis"}
0x3511ae23ee25e2b97dce883c7d496ff5d18f1dfa,1,{"palettes":"MemeMaxis"}
0x40d2f4399d23f9afb82d0a6b73055f13208614f9,1,{"palettes":"MemeMaxis"}
0x520e8d6c5b2dbbe62bf8a40653a314d879b19b86,1,{"palettes":"MemeMaxis"}
0x494e6fd90217d3b19be362a4a698c760cb3caaba,1,{"palettes":"MemeMaxis"}
0x599bf597fda4fc5e02a697906fb2b0b7ed9e964b,1,{"palettes":"MemeMaxis"}
0x60d2bc84a71af61b82d1b4168c9103ff6c4898eb,1,{"palettes":"MemeMaxis"}
0x615502edd5cf2d59244dd0dd53d3c8ec035e172b,1,{"palettes":"MemeMaxis"}
0x64f7de90dc79d775703bbec66a1591c7a26a22f0,1,{"palettes":"MemeMaxis"}
0x665654f2d2a151be2d0f8e3697e6ce780f732af2,1,{"palettes":"MemeMaxis"}
0x699990a8e7ada9e92c932d6e8fb365024fc74b43,1,{"palettes":"MemeMaxis"}
0x6f0735bf1e6c69030d6990cdd580345b370eb50a,1,{"palettes":"MemeMaxis"}
0x6f113b0c8c7266d7514e4986e3d6aaf013b6754f,1,{"palettes":"MemeMaxis"}
0x73bcb8c5e30bf85806aade7fc36f16c6b80fd3b9,1,{"palettes":"MemeMaxis"}
0x85603a042455d2f36f3ec52c1c756344aa70c5ef,1,{"palettes":"MemeMaxis"}
0x88ccdfe9dd047b4cec4c1102d2d803e2d8bf683e,1,{"palettes":"MemeMaxis"}
0x896b94f4f27f12369698c302e2049cae86936bbb,1,{"palettes":"MemeMaxis"}
0x8dbec15521e0c1f55d709ef1745b96e47baeaff7,1,{"palettes":"MemeMaxis"}
0x982d3c5223f6b5794fccb3208eb164d042cf2526,1,{"palettes":"MemeMaxis"}
0xae0d16586e5d60d334624c115216a52b9b1a0335,1,{"palettes":"MemeMaxis"}
0xae72c6a6fad9fa9d82d089e1ebf73b3043855425,1,{"palettes":"MemeMaxis"}
0xb735af7ae1a77d1ec764c862c2c09bdbf2b34b27,1,{"palettes":"MemeMaxis"}
0xba4575ea27041d99e6614ec02318f1e23a623fe2,1,{"palettes":"MemeMaxis"}
0xbf814810b44978de273191fd612aa47f7b69d564,1,{"palettes":"MemeMaxis"}
0xc2419841dcb9a0f8906d06463ae24e00e1470846,1,{"palettes":"MemeMaxis"}
0xcabd5f77ca9d48f4ef9793f20de42ad39ce93979,1,{"palettes":"MemeMaxis"}
0xcfbf3aa72bcc8af0ba064d9e7b83888495a280de,1,{"palettes":"MemeMaxis"}
0xd007058e9b58e74c33c6bf6fbcd38baab813cbb6,1,{"palettes":"MemeMaxis"}
0xd64379c6380e08faab950c5e62a7f6295c7f9c79,1,{"palettes":"MemeMaxis"}
0x65e49447a579e8583a48fc38b40fd4d7e1894e5d,1,{"palettes":"MemeMaxis"}
0xe630ea91366ccadcea6057a12dd5f29f6a1bdcaa,1,{"palettes":"MemeMaxis"}
0xf15a6b54e68884d27e1bebb1624d70c227b7d04b,1,{"palettes":"MemeMaxis"}
0xf8aace471723dba6514f6c6d43651611a0c34529,1,{"palettes":"MemeMaxis"}
0xfcbca52b23db28470eb97680d18e988d8b60b608,1,{"palettes":"MemeMaxis"}